original_ven_id,hash_ven_id,latitude,longitude,zone_id,name,address,venue_type,rating,price,venue_mod_type,zone_group
ven_30356e77514c7172685648526b6f7759524947385130624a496843,47508476,40.7875,-73.9764,239.0,Han Dynasty Upper West Side,"215 W 85th St New York, NY 10024 United States",CHINESE_RESTAURANT,4.4,2.0,CHINESE_RESTAURANT,Upper West Side
ven_30365f61684a68514c7730526b6f775a6c6b7a707255624a496843,88409575,40.777,-73.9785,142.0,Friedman’s,"50 W 72nd St New York, NY 10023 United States",AMERICAN_RESTAURANT,4.4,2.0,AMERICAN_RESTAURANT,Upper West Side
ven_303749644b67576e694b55526b6f7759685f4a445761324a496843,1030056,40.7758,-73.9752,43.0,Strawberry Fields,"Q2GG+83 New York, NY 10019 United States",TOURIST_DESTINATION,4.6,-1.0,TOURIST_DESTINATION,Upper West Side
ven_3038654c546f3936784873526b6f775a314864677151534a496843,23854076,40.758,-73.9853,230.0,Time Square,"199 W 45th St New York, NY 10036 United States",RESTAURANT,4.7,-1.0,RESTAURANT,Midtown Manhattan
ven_3039793356676f745a3570526b6f775974496c6d7378524a496843,20848781,40.7776,-73.9784,142.0,TAP NYC | 100% Gluten-Free Sandwiches & Açaí Bowls | Upper West Side,"267 Columbus Ave New York, NY 10023 United States",RESTAURANT,4.6,2.0,RESTAURANT,Upper West Side
ven_304330524e695f70503476526b6f775a6c6e5a713332574a496843,43331760,40.763,-73.9767,161.0,The Consulate,"44 W 56th St New York, NY 10019 United States",FRENCH_RESTAURANT,4.8,-1.0,FRENCH_RESTAURANT,Midtown Manhattan
ven_3046564f552d3633755343526b6f77595649495368324c4a496843,77654852,40.7857,-73.9726,239.0,The Viand,"517 Columbus Ave New York, NY 10024 United States",BREAKFAST_RESTAURANT,4.3,2.0,BREAKFAST_RESTAURANT,Upper West Side
ven_3048674a4764455f76744f526b6f77594a6f5f617658724a496843,82820658,40.7911,-73.974,238.0,Carmine's Italian Restaurant - Upper West Side,"2450 Broadway New York, NY 10024 United States",ITALIAN_RESTAURANT,4.4,2.0,ITALIAN_RESTAURANT,Upper West Side
ven_304961777454515336474c526b6f775a4e5173735733524a496843,55261692,40.7512,-73.9749,162.0,The Capital Grille,"155 E 42nd St New York, NY 10017 United States",RESTAURANT,4.6,4.0,RESTAURANT,Midtown Manhattan
ven_304a6c77747a366c755455526b6f77594a7070575959454a496843,57103262,40.7739,-73.971,43.0,Bethesda Terrace,"New York, NY 10024 United States",HISTORICAL,4.7,-1.0,Cultural Heritage,Upper West Side
ven_304d74385a726d4c746449526b6f7759565964796d33514a496843,14030565,40.7845,-73.9739,239.0,Thyme & Tonic,"474 Columbus Ave New York, NY 10024 United States",RESTAURANT,3.9,2.0,RESTAURANT,Upper West Side
ven_304f705a563666457a3258526b6f775a6c7476456754364a496843,38057565,40.7822,-73.9787,239.0,Chama Mama,"373 Amsterdam Ave New York, NY 10024 United States",RESTAURANT,4.5,2.0,RESTAURANT,Upper West Side
ven_30504d554d38614b6b6f78526b6f7759786267705963354a496843,91692844,40.7783,-73.954,263.0,Athleta,"1517 3rd Ave New York, NY 10028 United States",APPAREL,4.4,3.0,Fashion Convenience,Upper East Side
ven_30506c5677346630437635526b6f775a78304d533079784a496843,11342059,40.7728,-73.9831,142.0,Tatiana by Kwame Onwuachi,"10 Lincoln Center Plaza New York, NY 10023 United States",RESTAURANT,4.5,-1.0,RESTAURANT,Upper West Side
ven_30516242387878596e4d41526b6f775a745f427a7766494a496843,33439125,40.7856,-73.973,239.0,"Mamoun's Falafel - UWS, Manhattan, NY","508 Columbus Ave New York, NY 10024 United States",MEDITERANEAN_RESTAURANT,4.3,1.0,MEDITERANEAN_RESTAURANT,Upper West Side
ven_3068674e6f56796343637a526b6f7759743177664259304a496843,45765601,40.7639,-73.9767,163.0,Mangia 57th - Midtown Italian Food & Corporate Catering NYC,"50 W 57th St New York, NY 10019 United States",ITALIAN_RESTAURANT,4.4,2.0,ITALIAN_RESTAURANT,Midtown Manhattan
ven_306943706c304962617575526b6f77595249535675516f4a496843,19697447,40.7867,-73.9755,239.0,e's BAR,"511 Amsterdam Ave New York, NY 10024 United States",BAR,4.4,2.0,BAR,Upper West Side
ven_306c63565a476e6d385736526b6f775a39786b4a6755524a496843,54332763,40.7506,-73.9605,202.0,Franklin D. Roosevelt Four Freedoms State Park,"1 FDR Four Freedoms Park 1 FDR Four Freedoms Park New York, NY 10044 United States",PARK,4.7,-1.0,Park,Other
ven_306d686f6679537162766c526b6f77324c69717a3858594a496843,44704230,40.8008,-73.9593,24.0,Central Markets,"300 W 110th St New York, NY 10025 United States",SUPERMARKET,3.8,-1.0,Neighborhood Market,Upper West Side
ven_307063396f374b4b4e6b71526b6f7759564a316c35656e4a496843,84666821,40.7766,-73.9622,236.0,J.Crew Men's Shop,"1040 Madison Ave New York, NY 10075 United States",APPAREL,4.5,3.0,Fashion Convenience,Upper East Side
ven_30714e5a724f6950413148526b6f7759744c354b5331454a496843,62457740,40.7755,-73.9533,263.0,The Penrose,"1590 2nd Ave New York, NY 10028 United States",AMERICAN_RESTAURANT,4.4,2.0,AMERICAN_RESTAURANT,Upper East Side
ven_3075502d337278736a3952526b6f775a4a72674a66616c4a496843,39769205,40.7549,-73.9949,68.0,Stile's Farmers Market Wholesale & Retail,"476 9th Ave New York, NY 10018 United States",MARKET,4.5,-1.0,Neighborhood Market,Chelsea/Greenwhich market
ven_30782d4b5379586f66706d526b6f775a745f45477777774a496843,95518872,40.7519,-73.9797,170.0,The Escape Game NYC,"295 Madison Ave New York, NY 10017 United States",OTHER,5.0,-1.0,Tourist Destination,Midtown Manhattan
ven_342d4f33343573744c7a2d526b6f775a42774547545f774a496843,2779193,40.7545,-73.9825,161.0,Gabriel Kreuther,"41 W 42nd St New York, NY 10036 United States",FRENCH_RESTAURANT,4.6,4.0,FRENCH_RESTAURANT,Midtown Manhattan
ven_34416b6a74734635334274526b6f775964314e46695a734a496843,61577324,40.7644,-73.9885,48.0,Empanada Mama Hell’s Kitchen,"765 9th Ave New York, NY 10019 United States",RESTAURANT,4.4,2.0,RESTAURANT,Midtown Manhattan
ven_344c49766b705544393465526b6f77327244307a4159434a496843,31013017,40.8029,-73.969,24.0,Nicholas Roerich Museum,"319 W 107th St New York, NY 10025 United States",MUSEUM,4.8,-1.0,Cultural Heritage,Upper West Side
ven_344c563654744266547349526b6f7733506f68442d65734a496843,92294586,40.8042,-73.9365,74.0,Gotham Plaza,"149-169 E 125th St New York, NY 10035 United States",SHOPPING_CENTER,4.4,-1.0,SHOPPING_CENTER,Upper Manhattan
ven_344d7478767a4b74377548526b6f7759566c78494a516d4a496843,77536358,40.7587,-73.9848,230.0,Express,"1552 Broadway New York, NY 10036 United States",APPAREL,4.4,2.0,Fashion Convenience,Midtown Manhattan
ven_344f4d79636969674a4342526b6f775964314d7430536e4a496843,69009263,40.7641,-73.9887,48.0,Hudson Market Place,"755 9th Ave New York, NY 10019 United States",GROCERY,3.8,-1.0,Neighborhood Market,Midtown Manhattan
ven_345049646f62573761314b526b6f773254786a4e3765534a496843,7692,40.8084,-73.9546,41.0,Manhattan Food Market,"507 Manhattan Ave New York, NY 10027 United States",GROCERY,4.2,-1.0,Neighborhood Market,Upper Manhattan
ven_345253663836763832756f526b6f775a393563517377394a496843,76453157,40.7365,-73.9904,234.0,Union Square Greenmarket,"Union Square W & E 17th St New York, NY 10003 United States",MARKET,4.6,-1.0,Neighborhood Market,Chelsea/Greenwhich market
ven_345749524855354c344259526b6f775a56706b674639724a496843,21945075,40.7801,-73.9803,239.0,Sala Thai,"307 Amsterdam Ave New York, NY 10023 United States",THAI_RESTAURANT,4.7,2.0,THAI_RESTAURANT,Upper West Side
ven_3458593235796c7441736f526b6f775a394c464d6c32774a496843,96164058,40.7424,-74.0061,68.0,Chelsea Market,"75 9th Ave New York, NY 10011 United States",MARKET,4.5,-1.0,Neighborhood Market,Chelsea/Greenwhich market
ven_3461647039357657624c66526b6f775a39616d754d78594a496843,86351593,40.747,-73.9916,186.0,Escape Virtuality,"130 W 29th St New York, NY 10001 United States",OTHER,4.5,-1.0,Tourist Destination,Chelsea/Greenwhich market
ven_3466426a743170534d634c526b6f77594a76706c5363784a496843,17961872,40.7724,-73.9716,43.0,The Mall and Literary Walk,"The Mall New York, NY 10022 United States",SCENIC_POINT,4.8,-1.0,Scenic Landmarks,Upper West Side
ven_3466483971693253303578526b6f7732765463666330384a496843,8612238,40.8042,-73.9663,166.0,Westside Market NYC,"2840 Broadway New York, NY 10025 United States",GROCERY,4.3,2.0,Neighborhood Market,Upper West Side
ven_346c6843676c5559377662526b6f775a354f49314937644a496843,41767599,40.7528,-73.9787,161.0,SUMMIT One Vanderbilt,"45 E 42nd St New York, NY 10017 United States",TOURIST_DESTINATION,4.5,-1.0,TOURIST_DESTINATION,Midtown Manhattan
ven_346d334a45756f49467752526b6f775a5a62347130786d4a496843,65389107,40.7507,-74.0023,246.0,Hudson Market,"303 10th Ave New York, NY 10001 United States",CONVENIENCE_STORE,3.9,-1.0,Neighborhood Market,Chelsea/Greenwhich market
ven_34787a3570694c6e375964526b6f7759645a30414138594a496843,3031,40.7795,-73.96,236.0,JAMES PERSE,"1128 Madison Ave New York, NY 10028 United States",APPAREL,4.6,-1.0,Fashion Convenience,Upper East Side
ven_347a2d78444c59782d4f4f526b6f77594e3534494233744a496843,87952100,40.7772,-73.9662,43.0,Cedar Hill,"East Dr. & 79th St Transverse New York, 10021 United States",OTHER,-1.0,-1.0,Tourist Destination,Upper West Side
ven_3844456669735664576538526b6f775942716d6c4a5a4b4a496843,29199346,40.7901,-73.9557,43.0,East Meadow,"5th Ave New York, NY 10029 United States",PARK,-1.0,-1.0,Park,Upper West Side
ven_3844703267353739533762526b6f775a7052724545786c4a496843,75315313,40.7681,-73.9687,237.0,Avena,"22 E 66th St New York, NY 10065 United States",ITALIAN_RESTAURANT,4.3,-1.0,ITALIAN_RESTAURANT,Upper East Side
ven_38493930432d7835416344526b6f775a46505a4f4566384a496843,76841595,40.7801,-73.9808,239.0,Miriam,"300 Amsterdam Ave New York, NY 10023 United States",MEDITERANEAN_RESTAURANT,4.4,2.0,MEDITERANEAN_RESTAURANT,Upper West Side
ven_384a62436f6d5976694364526b6f77595a5968617061724a496843,1600094,40.787,-73.978,239.0,Maison Pickle,"2315 Broadway New York, NY 10024 United States",AMERICAN_RESTAURANT,4.5,3.0,AMERICAN_RESTAURANT,Upper West Side
ven_385252516c6f7a32335439526b6f7759782d57657a5f744a496843,1828839,40.7761,-73.9625,236.0,Fivestory New York,"1020 Madison Ave New York, NY 10075 United States",APPAREL,4.0,3.0,Fashion Convenience,Upper East Side
ven_3855585f5861474e706f34526b6f7759393079333631484a496843,63592504,40.7646,-73.996,50.0,PRINT.,"Ground Level 653 11th Ave New York, NY 10036 United States",RESTAURANT,4.4,3.0,RESTAURANT,Midtown Manhattan
ven_3855656e41664c4f68764c526b6f7732446b2d6e71786f4a496843,73318294,40.8134,-73.9631,166.0,General Grant National Memorial,"W 122nd St & Riverside Dr New York, 10027 United States",OTHER,4.5,-1.0,Tourist Destination,Upper West Side
ven_38584b356562656e4a4a63526b6f77595a5f4d6d7456674a496843,1438228,40.7674,-73.9819,163.0,Museum of Arts and Design,"2 Columbus Cir New York, NY 10019 United States",MUSEUM,4.2,3.0,Cultural Heritage,Midtown Manhattan
ven_385a743953644e70587637526b6f7759395f534f5334334a496843,75402097,40.7598,-73.9823,230.0,Oceana,"120 W 49th St New York, NY 10020 United States",SEAFOOD_RESTAURANT,4.5,4.0,SEAFOOD_RESTAURANT,Midtown Manhattan
ven_386231727a6a50624d4c4b526b6f775a642d45556a54644a496843,61453277,40.7239,-73.9979,144.0,MUSEUM OF ICE CREAM,"558 Broadway New York, NY 10012 United States",TOURIST_DESTINATION,4.1,-1.0,TOURIST_DESTINATION,Lower Manhattan
ven_3862337a354c4c54387375526b6f7759706a2d304951714a496843,21868851,40.7716,-74.0161,-1.0,Hamilton Park,"Boulevard East Hudson Pl Weehawken, NJ 07086 United States",PARK,4.8,-1.0,Park,Other
ven_38634657454b5f4e4f3633526b6f7759706f526b4956354a496843,74305056,40.778,-73.9808,142.0,Dark Bullet Sake & Oyster Bar,"154 W 72nd St New York, NY 10023 United States",JAPANESE_RESTAURANT,4.6,2.0,JAPANESE_RESTAURANT,Upper West Side
ven_38645155503361334d3934526b6f7759355956627538384a496843,87805037,40.7813,-73.9738,239.0,Hayden Planetarium,"200 Central Park West New York, NY 10024 United States",OTHER,4.6,-1.0,Tourist Destination,Upper West Side
ven_3866497051714e61656e4b526b6f7759683141556f5a544a496843,57467138,40.7653,-73.9837,163.0,Spyscape,"928 8th Ave New York, NY 10019 United States",MUSEUM,4.5,-1.0,Cultural Heritage,Midtown Manhattan
ven_386953773374434b6b5269526b6f7732547950655a52534a496843,88567101,40.795,-73.9557,43.0,The Ravine,"E 103rd St New York, NY 10026 United States",NATURE_RESERVE,4.7,-1.0,Nature Attractions,Upper West Side
ven_386a38316843494f623939526b6f775956497a52385f6b4a496843,70396228,40.7859,-73.976,239.0,Bustan NYC,"487 Amsterdam Ave New York, NY 10024 United States",MEDITERANEAN_RESTAURANT,4.5,2.0,MEDITERANEAN_RESTAURANT,Upper West Side
ven_386b4c712d792d70556e33526b6f77596c5f66384652324a496843,60551055,40.7613,-73.9778,161.0,The Museum Store,"11 W 53rd St New York, NY 10019 United States",GIFTS,4.5,3.0,Gifts & Souvenirs,Midtown Manhattan
ven_386e695754345a63674c55526b6f775a52572d447461364a496843,45920957,40.7287,-73.9873,79.0,SAINT,"136 2nd Ave New York, NY 10003 United States",AMERICAN_RESTAURANT,4.5,3.0,AMERICAN_RESTAURANT,Other
ven_3875714251714574684232526b6f775a78614e3764616c4a496843,25540736,40.7724,-73.9653,237.0,ZIMMERMANN,"900 Madison Ave New York, NY 10021 United States",APPAREL,4.0,-1.0,Fashion Convenience,Upper East Side
ven_412d3456724470426e4e74526b6f77595a3442455832334a496843,59467030,40.7845,-73.9771,239.0,St. James Gate,"441 Amsterdam Ave New York, NY 10024 United States",BEER,4.4,2.0,BEER,Upper West Side
ven_4132676164315471633870526b6f775a3138534d6154384a496843,33357157,40.7747,-73.9727,43.0,Cherry Hill,"Central Park West New York, NY 10024 United States",SCENIC_POINT,-1.0,-1.0,Scenic Landmarks,Upper West Side
ven_41327361525f7279547a31526b6f77596c596e506e7a524a496843,79120141,40.7803,-73.9802,239.0,sweetgreen,"311 Amsterdam Ave New York, NY 10023 United States",RESTAURANT,4.1,2.0,RESTAURANT,Upper West Side
ven_4133437134305f48354a45526b6f775a4a7a434b7a786f4a496843,20267807,40.7351,-73.9863,107.0,Westside Market NYC,"180 3rd Ave New York, NY 10003 United States",GROCERY,4.1,-1.0,Neighborhood Market,Lower Manhattan
ven_41385744666f5633537862526b6f775a3967446a6b34774a496843,94676538,40.7224,-73.9967,144.0,State & Liberty Clothing,"57 Spring St New York, NY 10012 United States",APPAREL,4.5,-1.0,Fashion Convenience,Lower Manhattan
ven_41434b554a474f30326d2d526b6f77594a6153713854734a496843,34230717,40.7844,-73.9579,236.0,"Cooper Hewitt, Smithsonian Design Museum","2 E 91st St New York, NY 10128 United States",MUSEUM,4.5,-1.0,Cultural Heritage,Upper East Side
ven_41447173382d415f674c61526b6f775a78425a687932494a496843,32163854,40.7529,-73.9997,68.0,Whole Foods Market,"450 W 33rd St New York, NY 10001 United States",GROCERY,4.4,-1.0,Neighborhood Market,Chelsea/Greenwhich market
ven_4148494f684649484f4477526b6f775a4e68634d4255554a496843,10162275,40.7457,-73.9881,164.0,Koloman,"16 W 29th St New York, NY 10001 United States",RESTAURANT,4.4,-1.0,RESTAURANT,Midtown Manhattan
ven_414a747771393059503062526b6f7759523448483656324a496843,28333784,40.7876,-73.9766,239.0,French Roast,"2340 Broadway New York, NY 10024 United States",FRENCH_RESTAURANT,4.2,2.0,FRENCH_RESTAURANT,Upper West Side
ven_414b7738354e6969583170526b6f77594a6f5f317930534a496843,23999761,40.7912,-73.9739,238.0,Dagon,"2454 Broadway New York, NY 10024 United States",MEDITERANEAN_RESTAURANT,4.5,-1.0,MEDITERANEAN_RESTAURANT,Upper West Side
ven_41546174395076324a4a4a526b6f77594a4b5a6d53634b4a496843,46133762,40.7841,-73.9587,43.0,Engineers' Gate,"2 E 90th St New York, NY 10128 United States",TOURIST_DESTINATION,4.8,-1.0,TOURIST_DESTINATION,Upper West Side
ven_41546447325f6964534674526b6f775a4673765f6133624a496843,88928887,40.7705,-73.9598,141.0,Nordstrom Local Upper East Side,"1273 3rd Ave New York, NY 10021 United States",APPAREL,4.4,-1.0,Fashion Convenience,Upper East Side
ven_415658356c724c57637158526b6f7759355966794556494a496843,96878514,40.7794,-73.9739,239.0,New-York Historical Society,"170 Central Park West New York, NY 10024 United States",MUSEUM,4.5,-1.0,Cultural Heritage,Upper West Side
ven_415745442d5a476e6b6736526b6f775a787569364655794a496843,99797939,40.7905,-73.9732,238.0,Gyu-Kaku Japanese BBQ,"620 Amsterdam Ave New York, NY 10024 United States",JAPANESE_RESTAURANT,4.3,2.0,JAPANESE_RESTAURANT,Upper West Side
ven_41585874446f73365f7a42526b6f77595a6f43636432304a496843,41216835,40.785,-73.9773,239.0,Land Thai Kitchen,"450 Amsterdam Ave New York, NY 10024 United States",THAI_RESTAURANT,4.2,2.0,THAI_RESTAURANT,Upper West Side
ven_415a37545a367078557066526b6f775a5a6271774a626e4a496843,86655079,40.7534,-74.0011,246.0,Hudson Yards,"20 Hudson Yards New York, NY 10001 United States",SHOPPING_CENTER,4.6,-1.0,SHOPPING_CENTER,Chelsea/Greenwhich market
ven_41633250634c684c2d2d78526b6f775956567774752d6b4a496843,84640829,40.759,-73.985,230.0,Father Duffy Square,"7th Ave & W 47th St New York, NY 10036 United States",TOURIST_DESTINATION,4.6,-1.0,TOURIST_DESTINATION,Midtown Manhattan
ven_4167636c42756f62557359526b6f775a646f545a4f554b4a496843,32805957,40.7861,-73.9766,239.0,Flor de Mayo,"484 Amsterdam Ave New York, NY 10024 United States",RESTAURANT,4.5,2.0,RESTAURANT,Upper West Side
ven_4168437230416a45783158526b6f7759526c2d6f5339524a496843,19253272,40.7575,-73.9867,230.0,Carmine's Italian Restaurant - Times Square,"200 W 44th St New York, NY 10036 United States",ITALIAN_RESTAURANT,4.5,2.0,ITALIAN_RESTAURANT,Midtown Manhattan
ven_416a395131386f65616b51526b6f7759703461425661574a496843,53393634,40.79,-73.9749,238.0,Cibo e Vino,"2418 Broadway New York, NY 10024 United States",ITALIAN_RESTAURANT,4.5,2.0,ITALIAN_RESTAURANT,Upper West Side
ven_416b786c6558446c49774b526b6f7751427045636154504a496843,43389483,40.6893,-74.0445,103.0,Statue of Liberty,"New York, NY 10004 United States",HISTORICAL,4.7,-1.0,Cultural Heritage,Other
ven_417239716752736e6c447a526b6f7759745078672d574d4a496843,52953994,40.7611,-73.9768,161.0,The Modern,"9 W 53rd St New York, NY 10019 United States",AMERICAN_RESTAURANT,4.6,4.0,AMERICAN_RESTAURANT,Midtown Manhattan
ven_417a5431376a5179444b58526b6f77596859716e6a574a4a496843,47023724,40.7839,-73.9774,239.0,Sarabeth's,"423 Amsterdam Ave New York, NY 10024 United States",RESTAURANT,4.2,2.0,RESTAURANT,Upper West Side
ven_4531715754335f314a5337526b6f7759565950466435714a496843,9877144,40.7852,-73.9727,239.0,Spiga Restaurant,"57 W 84th St New York, NY 10024 United States",ITALIAN_RESTAURANT,4.6,2.0,ITALIAN_RESTAURANT,Upper West Side
ven_453338504841477742644e526b6f776135556f514566504a496843,96481271,40.7525,-73.9774,162.0,New York Transit Museum Gallery & Store,"89 E 42nd St New York, NY 10001 United States",MUSEUM,4.3,2.0,Cultural Heritage,Midtown Manhattan
ven_4537554f41513330705337526b6f7759705f6736675a764a496843,96511243,40.7632,-73.9734,163.0,Bergdorf Goodman's Men's Store,"745 5th Ave New York, NY 10022 United States",APPAREL,4.0,-1.0,Fashion Convenience,Midtown Manhattan
ven_4542344e3875744948577a526b6f7759747055696252704a496843,5373883,40.7875,-73.9711,238.0,Bodega 88,"573 Columbus Ave New York, NY 10024 United States",BEER,4.5,2.0,BEER,Upper West Side
ven_4543634c6c434732394731526b6f77595634334c5539324a496843,82539573,40.7853,-73.977,239.0,Peacefood Uptown,"460 Amsterdam Ave New York, NY 10024 United States",VEGETERIAN_RESTAURANT,4.4,2.0,VEGETERIAN_RESTAURANT,Upper West Side
ven_4546756a7858704b6e724c526b6f7759686f55346e30354a496843,38490545,40.7821,-73.9806,239.0,RedFarm,"2170 Broadway New York, NY 10024 United States",CHINESE_RESTAURANT,4.3,3.0,CHINESE_RESTAURANT,Upper West Side
ven_454a426f344a7a6c764a74526b6f7759525f767035794b4a496843,90614009,40.7735,-73.9788,142.0,The Leopard at des Artistes,"1 W 67th St New York, NY 10023 United States",ITALIAN_RESTAURANT,4.4,4.0,ITALIAN_RESTAURANT,Upper West Side
ven_454b716e73544e6e535f74526b6f7759683159304f37494a496843,23432873,40.7675,-73.984,48.0,ABA Turkish Restaurant,"325 W 57th St New York, NY 10019 United States",RESTAURANT,4.3,2.0,RESTAURANT,Midtown Manhattan
ven_454e45337a4148416b4d37526b6f775a564956534632774a496843,80210095,40.727,-73.9946,114.0,C'H'C'M',"2 Bond St New York, NY 10012 United States",APPAREL,4.6,-1.0,Fashion Convenience,Lower Manhattan
ven_454e4e686e4a7046453659526b6f775a6c3673525158614a496843,14231569,40.7484,-73.9857,164.0,Empire State Building,"20 W 34th St. New York, NY 10001 United States",TOURIST_DESTINATION,4.7,-1.0,TOURIST_DESTINATION,Midtown Manhattan
ven_454f634678633041735971526b6f7759317230696763504a496843,8515827,40.7764,-73.9567,236.0,Toloache,"166 E 82nd St #2b New York, NY 10028 United States",MEXICAN_RESTAURANT,4.4,3.0,MEXICAN_RESTAURANT,Upper East Side
ven_4550537033587663775f54526b6f775a744869415761754a496843,78375719,40.7832,-73.9573,236.0,Paola's Osteria,"1246 Madison Ave New York, NY 10128 United States",PIZZA_RESTAURANT,4.2,-1.0,PIZZA_RESTAURANT,Upper East Side
ven_4551746438656c42365158526b6f775a4e3641514a5a6b4a496843,39280116,40.7395,-73.9926,234.0,MUJI Chelsea,"16 W 19th St New York, NY 10011 United States",SHOPPING_CENTER,4.5,-1.0,SHOPPING_CENTER,Chelsea/Greenwhich market
ven_4551794f68546b79476d6a526b6f77595a323839705a6e4a496843,30764981,,,,Pier I,"Riverside Park South New York, NY 10069 United States",FISHING,-1.0,-1.0,FISHING,Other
ven_45526743724b6275446346526b6f77616443703474574a4a496843,35376122,40.7829,-73.9789,239.0,Jing Fong - UWS,"380 Amsterdam Ave New York, NY 10013 United States",CHINESE_RESTAURANT,4.0,2.0,CHINESE_RESTAURANT,Upper West Side
ven_45566b4479733438494a61526b6f775952704d3242546a4a496843,34731967,40.7762,-73.9627,236.0,Acquavella,"18 E 79th St New York, NY 10075 United States",ARTS,4.6,-1.0,Art,Upper East Side
ven_455767536751545570386d526b6f775a704e49672d56534a496843,78493959,40.7604,-73.9879,48.0,Gotham Gifts,"767 8th Ave New York, NY 10036 United States",GIFTS,5.0,-1.0,Gifts & Souvenirs,Midtown Manhattan
ven_4557736c70763768333575526b6f775974592d573133714a496843,27144611,40.7787,-73.9775,239.0,Patsy's Pizzeria,"61 W 74th St New York, NY 10023 United States",PIZZA_RESTAURANT,4.3,2.0,PIZZA_RESTAURANT,Upper West Side
ven_455946676359706d47646e526b6f77595a5f4c735033704a496843,20676486,40.7686,-73.9825,142.0,BOSS Store,"10 Columbus Cir #106 New York, NY 10019 United States",APPAREL,3.8,4.0,Fashion Convenience,Upper West Side
ven_45594a653355315a67485a526b6f775a647548466537304a496843,78191847,40.793,-73.9724,238.0,Plum Vietnamese Restaurant,"210 W 94th St New York, NY 10025 United States",ASIAN_RESTAURANT,4.6,2.0,ASIAN_RESTAURANT,Upper West Side
ven_4565635872326c5643414d526b6f775a70364b4e5452304a496843,37673332,40.7507,-73.9856,164.0,Wow! Custom Tees,"47 W 36 St ground floor New York, NY 10018 United States",APPAREL,4.3,-1.0,Fashion Convenience,Midtown Manhattan
ven_45686d5f4b314856766e31526b6f77334c4a30316453394a496843,71671902,40.7956,-73.9707,238.0,Baazi Nyc,"2588 Broadway New York, NY 10025 United States",INDIAN_RESTAURANT,4.0,-1.0,INDIAN_RESTAURANT,Upper West Side
ven_456a3266757a4250707a4e526b6f775a524135576738364a496843,79233110,40.771,-73.9662,237.0,The RealReal,"870 Madison Ave New York, NY 10021 United States",SHOPPING,2.7,-1.0,Fashion Convenience,Upper East Side
ven_456c694e4c624c6f555862526b6f7759566c74633152704a496843,56204154,40.7592,-73.9854,230.0,Grand Slam New York,"1557 Broadway New York, NY 10036 United States",SOUVENIR_SHOP,4.3,-1.0,Gifts & Souvenirs,Midtown Manhattan
ven_456c6a3469774243445068526b6f775a3172364d5378424a496843,99462279,40.7388,-73.9991,90.0,Westside Market NYC,"77 7th Ave New York, NY 10011 United States",GROCERY,4.2,2.0,Neighborhood Market,Chelsea/Greenwhich market
ven_456e54656a5a6276575936526b6f775a4e2d43744f5f644a496843,73570343,40.7796,-73.9553,236.0,Old Navy,"147 East 86th St New York, NY 10028 United States",APPAREL,4.5,-1.0,Fashion Convenience,Upper East Side
ven_45726a5056536837314f32526b6f775a706177714132434a496843,85773942,40.7546,-73.9847,100.0,Whole Foods Market,"1095 6th Ave New York, NY 10036 United States",GROCERY,4.4,3.0,Neighborhood Market,Chelsea/Greenwhich market
ven_45767a5a37493134595157526b6f775964324e424e65734a496843,30429096,40.7772,-73.9895,143.0,Riverside Park South,"Riverside Blvd New York, NY 10069 United States",PARK,4.8,-1.0,Park,Upper West Side
ven_4932505970545878416d71526b6f775a4a75666b6630474a496843,54551044,40.7686,-73.9832,142.0,Bad Roman,"10 Columbus Cir New York, NY 10019 United States",RESTAURANT,3.9,-1.0,RESTAURANT,Upper West Side
ven_4935413664674943595a53526b6f775a743776425656564a496843,21844013,40.744,-73.999,90.0,Chelsea Exclusive New York ny,"222 8th Ave New York, NY 10011 United States",APPAREL,4.7,-1.0,Fashion Convenience,Chelsea/Greenwhich market
ven_4945542d5a7655334d6a57526b6f7759523172664f56384a496843,2412410,40.7564,-73.9888,100.0,Restaurant Above,"234 W 42nd St New York, NY 10036 United States",AMERICAN_RESTAURANT,4.3,3.0,AMERICAN_RESTAURANT,Chelsea/Greenwhich market
ven_494a68323156454c57744d526b6f775935666f68472d764a496843,32999037,40.7623,-73.9739,163.0,Gucci,"725 5th Ave New York, NY 10022 United States",APPAREL,4.3,4.0,Fashion Convenience,Midtown Manhattan
ven_494d30494477545a4a657a526b6f7759563531734432524a496843,9773778,40.7798,-73.9599,236.0,La Boutique Resale Consignments,"1132 Madison Ave 2nd Floor New York, NY 10028 United States",SHOPPING,4.2,-1.0,Fashion Convenience,Upper East Side
ven_495374556d36693165436d526b6f775a464558707631774a496843,22721619,40.7629,-73.9754,163.0,Felice 56,"15 W 56th St New York, NY 10019 United States",ITALIAN_RESTAURANT,4.6,2.0,ITALIAN_RESTAURANT,Midtown Manhattan
ven_495843304f594b6f355130526b6f775978656f435636394a496843,46277047,40.7715,-73.9654,237.0,Ralph Lauren Men's Flagship,"867 Madison Ave New York, NY 10021 United States",APPAREL,4.3,4.0,Fashion Convenience,Upper East Side
ven_495a76784756397a636c61526b6f77595659624d79624f4a496843,68541530,40.7844,-73.9735,239.0,Tarallucci e Vino Upper West Side,"475 Columbus Ave New York, NY 10024 United States",ITALIAN_RESTAURANT,4.3,2.0,ITALIAN_RESTAURANT,Upper West Side
ven_495f6e76636f42494a6841526b6f77595650686c735f774a496843,20648115,40.7718,-73.9826,142.0,Dante Park,"Columbus Ave & W 63rd St. New York, NY 10023 United States",PARK,4.4,-1.0,Park,Upper West Side
ven_495f727346415163724f64526b6f77325f784f413864794a496843,67631765,40.7946,-73.9582,43.0,The Loch,"Central Park West New York, NY 10026 United States",PARK,4.6,-1.0,Park,Upper West Side
ven_496166424b6e594d315673526b6f7759525073506f58434a496843,20614058,40.7813,-73.974,239.0,American Museum of Natural History,"200 Central Park West New York, NY 10024 United States",MUSEUM,4.6,-1.0,Cultural Heritage,Upper West Side
ven_49617343525a5972794235526b6f775a707135475357484a496843,43610160,40.7539,-73.9853,100.0,L’Adresse American Bistro,"1065 6th Ave New York, NY 10018 United States",AMERICAN_RESTAURANT,4.4,2.0,AMERICAN_RESTAURANT,Chelsea/Greenwhich market
ven_49696f3179734b6a693473526b6f77595249534f6865434a496843,88211826,40.7866,-73.9755,239.0,Jacob's Pickles,"509 Amsterdam Ave New York, NY 10024 United States",AMERICAN_RESTAURANT,4.6,2.0,AMERICAN_RESTAURANT,Upper West Side
ven_496b764942506d56454b71526b6f775a564b6c5f69564a4a496843,70470340,40.7846,-73.9741,239.0,Carlos & Gabby's,"100 W 83rd St New York, NY 10024 United States",RESTAURANT,4.1,2.0,RESTAURANT,Upper West Side
ven_496e4a6a53637471707138526b6f7759706131473859524a496843,16043955,40.786,-73.9372,-1.0,Ward's Island Bridge,NY 10035 United States,BRIDGE,4.6,-1.0,Scenic Landmarks,Other
ven_496f786742743433746c6f526b6f773144646a306c39344a496843,36609835,40.7677,-73.9713,43.0,The Arsenal,"830 5th Ave New York, NY 10065 United States",HISTORICAL,4.4,-1.0,Cultural Heritage,Upper West Side
ven_49724965316452505f3148526b6f77594a35553366315f4a496843,93918868,40.7779,-73.9697,43.0,The Ramble,"79th St Transverse New York, NY 10024 United States",PARK,4.8,-1.0,Park,Upper West Side
ven_49726b487a6d4b496a5538526b6f77593949365744396f4a496843,13615083,40.7818,-73.9731,239.0,Rose Center for Earth and Space,"81st Street between Central Park West and Columbus Avenue New York, NY 10024 United States",MUSEUM,4.6,-1.0,Cultural Heritage,Upper West Side
ven_497334794b377835486e55526b6f775964356c4b565f4a4a496843,81682556,40.7807,-73.9614,43.0,Ancient Playground,"Museum Mile New York, NY 10028 United States",PARK,4.6,-1.0,Park,Upper West Side
ven_497749695a725530395438526b6f7759355531676c786e4a496843,7365374,40.7645,-73.9996,50.0,"Intrepid Sea, Air & Space Museum","Pier 86 W 46th St New York, NY 10036 United States",MUSEUM,4.6,-1.0,Cultural Heritage,Midtown Manhattan
ven_4d324566304a52446b6234526b6f77594e5f786c4d33344a496843,60005301,40.7699,-73.9753,43.0,Central Park Carousel,"1802 E 65th St New York, NY 10065 United States",OTHER,4.3,-1.0,Tourist Destination,Upper West Side
ven_4d396348634d4855643376526b6f775a5a664a2d61796a4a496843,1748305,40.7203,-74.0161,-1.0,Grand Banks,"Park Pier 25 Hudson River New York, NY 10013 United States",RESTAURANT,4.4,3.0,RESTAURANT,Other
ven_4d443645386a3859364c66526b6f7759354930487433714a496843,42751375,40.7809,-73.9766,239.0,Shake Shack Upper West Side,"366 Columbus Ave New York, NY 10024 United States",BURGER_RESTAURANT,4.3,2.0,BURGER_RESTAURANT,Upper West Side
ven_4d446b59594e4549377562526b6f77594a4651414151414a496843,52302840,40.7564,-73.9865,230.0,One Times Square,"1 Times Sq New York, NY 10036 United States",TOURIST_DESTINATION,4.6,-1.0,TOURIST_DESTINATION,Midtown Manhattan
ven_4d457a4474397179337835526b6f7759704a46752d77734a496843,70415931,40.7834,-73.9667,43.0,Arthur Ross Pinetum,"86th St Transverse New York, NY 10024 United States",BOTANICAL_GARDEN,4.7,-1.0,Nature Attractions,Upper West Side
ven_4d4e4a7a66346836745a31526b6f77597434434e4455414a496843,15730101,40.7767,-73.9789,142.0,Polpette 71,"71 W 71st St New York, NY 10023 United States",ITALIAN_RESTAURANT,4.5,2.0,ITALIAN_RESTAURANT,Upper West Side
ven_4d4f56636f49432d425736526b6f77326a6947344f327a4a496843,73668615,40.7936,-73.9722,238.0,Manhattan Diner,"2532 Broadway New York, NY 10025 United States",AMERICAN_RESTAURANT,4.3,2.0,AMERICAN_RESTAURANT,Upper West Side
ven_4d4f717065304438546963526b6f773244306d4c6f66624a496843,96949777,40.8119,-73.9631,166.0,The Riverside Church,"490 Riverside Dr New York, NY 10027 United States",CHURCH,4.6,-1.0,Religious,Upper West Side
ven_4d5479484a476c70664144526b6f7759746f423142634f4a496843,3626600,40.7764,-73.9793,142.0,Parm,"235 Columbus Ave New York, NY 10023 United States",ITALIAN_RESTAURANT,4.2,2.0,ITALIAN_RESTAURANT,Upper West Side
ven_4d566a675754566e775938526b6f775964767a734d342d4a496843,85983449,40.7667,-73.9821,163.0,Nordstrom Men's Store,"235 W 57th St New York, NY 10019 United States",SHOPPING_CENTER,4.5,-1.0,SHOPPING_CENTER,Midtown Manhattan
ven_4d67644a7a4f42754a6772526b6f775a3949544542352d4a496843,62241568,40.7538,-74.0012,246.0,Beyond the Edge,"30 Hudson Yards New York, NY 10001 United States",GIFTS,4.4,-1.0,Gifts & Souvenirs,Chelsea/Greenwhich market
ven_4d6775434b4f4f3239616a526b6f775a64414f333534334a496843,70311416,40.7492,-73.9814,170.0,The Morgan Library & Museum,"225 Madison Ave New York, NY 10016 United States",MUSEUM,4.7,2.0,Cultural Heritage,Midtown Manhattan
ven_4d68414c714841656f6d2d526b6f775964467a735236764a496843,17902456,40.7629,-73.9841,230.0,Victor's Cafe,"236 W 52nd St New York, NY 10019 United States",RESTAURANT,4.4,2.0,RESTAURANT,Midtown Manhattan
ven_4d68567669785469346469526b6f775a5a7167564965704a496843,53355208,40.7432,-73.9888,234.0,Memories of New York,"206 5th Ave New York, NY 10010 United States",SOUVENIR_SHOP,4.7,-1.0,Gifts & Souvenirs,Chelsea/Greenwhich market
ven_4d6a306b416131617a736f526b6f7759355f7a6d3155394a496843,25433436,40.7587,-73.9787,161.0,Rockefeller Center,"45 Rockefeller Plaza New York, NY 10111 United States",HISTORICAL,4.7,-1.0,Cultural Heritage,Midtown Manhattan
ven_4d6b635a66496d5f4e4974526b6f77595a66714b76536f4a496843,73851929,40.7691,-73.9778,43.0,Umpire Rock,"Central Park S New York, NY 10019 United States",SCENIC_POINT,4.6,-1.0,Scenic Landmarks,Upper West Side
ven_4d7363525932556e48667a526b6f77596c3442544d78754a496843,90900146,40.7814,-73.9799,239.0,Amsterdam Ale House,"340 Amsterdam Ave New York, NY 10024 United States",RESTAURANT,4.3,2.0,RESTAURANT,Upper West Side
ven_4d79736a4a727a504f415a526b6f77594e59644e6232714a496843,74138891,40.7894,-73.974,238.0,Bodrum Mediterranean Restaurant,"584 Amsterdam Ave New York, NY 10024 United States",MEDITERANEAN_RESTAURANT,4.4,2.0,MEDITERANEAN_RESTAURANT,Upper West Side
ven_5131757937506d716a5656526b6f7759316265523959354a496843,53609244,40.7789,-73.9587,236.0,Church of St. Ignatius Loyola,"980 Park Ave New York, NY 10028 United States",CHURCH,4.8,-1.0,Religious,Upper East Side
ven_51386f4f4968583076775f526b6f77327a6a56375230614a496843,71889671,40.8038,-73.9619,166.0,The Cathedral Church of St. John the Divine,"1047 Amsterdam Ave New York, NY 10025 United States",CHURCH,4.5,-1.0,Religious,Upper West Side
ven_51416f63306f39377a4475526b6f77594a716d65355a6d4a496843,53771911,40.783,-73.959,236.0,Solomon R. Guggenheim Museum,"1071 5th Ave New York, NY 10128 United States",MUSEUM,4.3,-1.0,Cultural Heritage,Upper East Side
ven_51446447416e773241794f526b6f775970494e52397a654a496843,92267814,40.7783,-73.9803,142.0,West NYC,"147 W 72nd St New York, NY 10023 United States",SHOPPING,4.4,-1.0,Fashion Convenience,Upper West Side
ven_5149584e6b423237664c6b526b6f773248785f7a7356564a496843,55713012,40.8045,-73.9483,41.0,NiLu Gift Boutique,"191 Malcolm X Blvd New York, NY 10026 United States",GIFTS,4.7,-1.0,Gifts & Souvenirs,Upper Manhattan
ven_514c6e7669624a33455f70526b6f775a703635674762764a496843,43888073,40.7536,-73.9832,164.0,Bryant Park,"New York, NY 10018 United States",PARK,4.7,-1.0,Park,Midtown Manhattan
ven_514f6c557435625a377953526b6f77594e3444305363374a496843,47714991,40.7901,-73.9735,238.0,Mido,"612 Amsterdam Ave New York, NY 10024 United States",JAPANESE_RESTAURANT,4.4,2.0,JAPANESE_RESTAURANT,Upper West Side
ven_51524c4a765a6e57613870526b6f775a4a77792d7454614a496843,48217619,40.7518,-73.9715,233.0,Amish Market East,"240 E 45th St New York, NY 10017 United States",GROCERY,4.4,2.0,Neighborhood Market,Midtown Manhattan
ven_5158584145756f374a4b76526b6f777a376635445166474a496843,40717426,40.869,-73.9319,243.0,The Hudson,"348 Dyckman St New York, NY 10034 United States",AMERICAN_RESTAURANT,3.9,2.0,AMERICAN_RESTAURANT,Upper Manhattan
ven_5159664733765259417939526b6f77325f534d6134346a4a496843,53771684,40.7986,-73.9733,151.0,Firemen's Memorial,"West 100th Street Riverside Dr New York, NY 10025 United States",HISTORICAL,4.7,-1.0,Cultural Heritage,Upper West Side
ven_515f325678612d31534c72526b6f7759353474423453314a496843,26206424,40.78,-73.9765,239.0,Raku,"57 W 76th St New York, NY 10023 United States",JAPANESE_RESTAURANT,4.5,2.0,JAPANESE_RESTAURANT,Upper West Side
ven_515f466457386349774574526b6f775a46556e374353444a496843,90462994,40.7662,-73.9812,163.0,Wolf at Nordstrom NYC,"225 W 57th St New York, NY 10019 United States",ITALIAN_RESTAURANT,4.7,3.0,ITALIAN_RESTAURANT,Midtown Manhattan
ven_51613841453567574f656b526b6f7759564632656134394a496843,60586901,40.7593,-73.9843,230.0,Hershey's Chocolate World,"20 Times Square 701 7th Ave New York, NY 10036 United States",DESSERT,4.6,-1.0,Art,Midtown Manhattan
ven_51645f6d43556b5251305a526b6f775a6c31744b5359534a496843,44509211,40.733,-74.0077,158.0,Libertine,"684 Greenwich St New York, NY 10014 United States",FRENCH_RESTAURANT,4.7,-1.0,FRENCH_RESTAURANT,Chelsea/Greenwhich market
ven_51667962777a6c6d64306e526b49726f725a77756f366d4a496843,89434665,40.767,-73.983,48.0,Mandu Apparel and Accessories KPOP Store,"1000 8th Ave STE 10 New York, NY 10019 United States",APPAREL,4.5,-1.0,Fashion Convenience,Midtown Manhattan
ven_51683176714b3744615056526b6f77597862375f6b576f4a496843,63693199,40.7792,-73.9554,236.0,H&M,"150 East 86th St New York, NY 10028 United States",APPAREL,4.0,1.0,Fashion Convenience,Upper East Side
ven_51686c716e456d45333074526b6f77595a596f4646367a4a496843,29509676,40.788,-73.9774,239.0,Kasbah Grill,"Kosher Steak House Restaurant 251 W 85th St #3221 New York, NY 10024 United States",RESTAURANT,4.4,3.0,RESTAURANT,Upper West Side
ven_5169454c59645f6c63436d526b6f7762644f366b727a354a496843,26616140,40.7185,-74.0023,231.0,Mostrador NYC,"28 Cortlandt Alley New York, NY 10013 United States",RESTAURANT,4.8,-1.0,RESTAURANT,Lower Manhattan
ven_51695f51454843725a5431526b6f775952656f495459354a496843,42751319,40.7581,-73.9699,162.0,The Atrium,"601 Lexington Avenue 153 E 53rd St New York, NY 10022 United States",SHOPPING_CENTER,4.2,2.0,SHOPPING_CENTER,Midtown Manhattan
ven_516c467570796e3658524b526b6f775a395562336d53584a496843,87083273,40.7561,-73.9941,48.0,The Restaurant,"506 9th Ave New York, NY 10018 United States",RESTAURANT,4.2,2.0,RESTAURANT,Midtown Manhattan
ven_516e525873374354527751526b6f7759313477732d34394a496843,65601969,40.7776,-73.973,43.0,Ladies Pavilion,"W. 77th St & West Dr New York, 10024 United States",HISTORICAL,4.7,-1.0,Cultural Heritage,Upper West Side
ven_51717653514d7730366249526b6f77624e41797a6a39754a496843,55352020,40.745,-73.9953,90.0,Whole Foods Market,"250 7th Ave New York, NY 10001 United States",GROCERY,4.2,2.0,Neighborhood Market,Chelsea/Greenwhich market
ven_517362734b764763584752526b6f775a4a3032463051764a496843,85173724,40.7521,-73.9839,164.0,Harta & Bar Harta,"30 W 39th St New York, NY 10018 United States",AMERICAN_RESTAURANT,4.3,-1.0,AMERICAN_RESTAURANT,Midtown Manhattan
ven_517633786e463661386438526b6f775a78387a6435336a4a496843,80264488,40.7785,-73.9782,142.0,Kissaki Sushi,"286 Columbus Ave New York, NY 10023 United States",SUSHI_RESTAURANT,4.3,-1.0,SUSHI_RESTAURANT,Upper West Side
ven_517636454b535639515037526b6f775968566f6c767a4a4a496843,77040852,40.7686,-73.9835,142.0,H&M,"10 Columbus Cir New York, NY 10019 United States",APPAREL,4.2,1.0,Fashion Convenience,Upper West Side
ven_51765838504c5130754d69526b6f775a5a774e723436554a496843,58737087,40.7348,-73.9915,113.0,4 Union Square,"40 E 14th St New York, NY 10003 United States",SHOPPING_CENTER,4.4,-1.0,SHOPPING_CENTER,Chelsea/Greenwhich market
ven_517a58434f57747944772d526b6f77595649306c47366c4a496843,22338592,40.7857,-73.9767,239.0,Fred's,"476 Amsterdam Ave New York, NY 10024 United States",RESTAURANT,4.4,2.0,RESTAURANT,Upper West Side
ven_517a647163634b746c6a42526b6f7759705f6c555f30424a496843,52135419,40.7628,-73.9728,163.0,Chanel,"15 E 57th St New York, NY 10022 United States",APPAREL,3.9,4.0,Fashion Convenience,Midtown Manhattan
ven_553045716f6975386f7663526b6f775a743263763353354a496843,20574086,40.7769,-73.9794,142.0,Felice 71- Columbus,"240 Columbus Ave New York, NY 10023 United States",ITALIAN_RESTAURANT,4.6,2.0,ITALIAN_RESTAURANT,Upper West Side
ven_553150702d56576b7a7652526b6f775a357073625a78334a496843,92606285,40.7318,-73.9887,79.0,Westside Market NYC,"84 3rd Ave New York, NY 10003 United States",GROCERY,4.4,2.0,Neighborhood Market,Other
ven_55317964596f7075755871526b6f77597476365a6f39624a496843,42463354,40.7604,-73.9762,161.0,UNIQLO,"660 5th Ave New York, NY 10103 United States",APPAREL,4.5,-1.0,Fashion Convenience,Midtown Manhattan
ven_5532317551593261384446526b6f775946505f576a57614a496843,15828162,40.7678,-73.9718,43.0,Central Park Zoo,"East 64th Street New York, NY 10021 United States",ZOO,4.4,-1.0,Nature Attractions,Upper West Side
ven_5536434b44427779443572526b6f775a5a356d787964624a496843,12614856,40.7345,-74.0001,249.0,Quality Eats,"19 Greenwich Ave New York, NY 10014 United States",AMERICAN_RESTAURANT,4.4,3.0,AMERICAN_RESTAURANT,Chelsea/Greenwhich market
ven_554753707a353136347861526b6f775a646b36515137564a496843,9540340,40.7614,-73.9818,230.0,Le Bernardin,"155 W 51st St New York, NY 10019 United States",FRENCH_RESTAURANT,4.4,-1.0,FRENCH_RESTAURANT,Midtown Manhattan
ven_554975514d79783467714d526b6f77594e706e4e6b7a414a496843,20119380,40.775,-73.9665,43.0,Alice in Wonderland,"E 74th St New York, NY 10021 United States",OTHER,4.6,-1.0,Tourist Destination,Upper West Side
ven_554977416f345578784c55526b6f77596876504948524d4a496843,61612002,40.7637,-73.9812,163.0,New York Attitude Gift shop,"843 7th Ave New York, NY 10019 United States",SOUVENIR_SHOP,4.0,-1.0,Gifts & Souvenirs,Midtown Manhattan
ven_554f563759583653705f73526b6f775a646146374456574a496843,2440176,40.7419,-73.9846,107.0,Upland,"345 Park Ave S New York, NY 10010 United States",AMERICAN_RESTAURANT,4.5,3.0,AMERICAN_RESTAURANT,Lower Manhattan
ven_554f66576a594b6a744d5f526b6f775a467258773155664a496843,17172582,40.7597,-74.0003,246.0,City Sightseeing New York,"455 12th Ave New York, NY 10018 United States",OTHER,3.8,-1.0,Tourist Destination,Chelsea/Greenwhich market
ven_555135764d4d546a5a596c526b6f775970347a47625a5a4a496843,21612100,40.7751,-73.9809,142.0,Il Violino,"180 Columbus Ave New York, NY 10023 United States",ITALIAN_RESTAURANT,4.3,2.0,ITALIAN_RESTAURANT,Upper West Side
ven_555234376f4f4f30364447526b6f775a4a7752465057654a496843,90412706,40.7516,-73.9755,162.0,Chrysler Building,"405 Lexington Ave New York, NY 10174 United States",TOURIST_DESTINATION,4.6,-1.0,TOURIST_DESTINATION,Midtown Manhattan
ven_55527370774e3350323349526b6f775a685a6d615f34534a496843,319710,40.7826,-73.9784,239.0,Tacombi,"377 Amsterdam Ave New York, NY 10024 United States",MEXICAN_RESTAURANT,4.3,2.0,MEXICAN_RESTAURANT,Upper West Side
ven_5556474f56636f7565674c526b6f7759566c78494a516d4a496843,49763312,40.758,-73.9855,230.0,Times Square,"Manhattan, NY 10036 United States",OTHER,4.7,-1.0,Tourist Destination,Midtown Manhattan
ven_555966764a6e4a74677257526b6f77595636792d5257664a496843,58518792,40.7841,-73.9505,236.0,Barking Dog,"1678 3rd Ave New York, NY 10128 United States",AMERICAN_RESTAURANT,4.2,2.0,AMERICAN_RESTAURANT,Upper East Side
ven_555a7a4667656331714337526b6f775a4a396e6a55792d4a496843,76355073,40.781,-73.9765,239.0,Covacha,"368 Columbus Ave New York, NY 10024 United States",MEXICAN_RESTAURANT,4.2,-1.0,MEXICAN_RESTAURANT,Upper West Side
ven_55613477334b4957707751526b6f77595a49654f5632364a496843,87428111,40.7859,-73.9773,239.0,Children's Museum Of Manhattan,"212 W 83rd St New York, NY 10024 United States",MUSEUM,4.2,-1.0,Cultural Heritage,Upper West Side
ven_556242455a4d50646d7736526b6f775a7061734749664e4a496843,89889734,40.7629,-74.0015,50.0,Circle Line Sightseeing Cruises,"83 North River Piers West 43rd Street and 12th Ave New York, NY 10036 United States",OTHER,4.5,-1.0,Tourist Destination,Midtown Manhattan
ven_5563704d4539434c6d7445526b6f775a5a7753726630674a496843,71786833,40.7462,-73.9797,170.0,Murray Hill Market,"136 E 34th St New York, NY 10016 United States",GROCERY,3.8,2.0,Neighborhood Market,Midtown Manhattan
ven_5566616f4e337545413945526b6f7759782d54524361674a496843,94386229,40.7696,-73.9676,237.0,rag & bone,"11 E 68th St New York, NY 10065 United States",APPAREL,4.3,-1.0,Fashion Convenience,Upper East Side
ven_556a587447624c4f5f4b39526b6f77595a504c547756534a496843,66728163,40.7669,-73.983,48.0,Turnstyle Underground Market,"1000 S 8th Ave New York, NY 10019 United States",MARKET,4.4,1.0,Neighborhood Market,Midtown Manhattan
ven_556e5f3675393756787575526b6f775a4a674f497a396a4a496843,4066932,40.7526,-73.9768,162.0,Grand Central Market,"89 E 42nd St New York, NY 10017 United States",MARKET,4.5,-1.0,Neighborhood Market,Midtown Manhattan
ven_557258376d4e6e56463972526b6f7759526f6b6e5f796f4a496843,38455418,40.7871,-73.9733,238.0,Manhattan Jewish Experience,"131 W 86th St 10th floor New York, NY 10024 United States",SYNAGOGUE,4.7,-1.0,Religious,Upper West Side
ven_5574675f763163636a455f526b6f775952493438325f724a496843,9565814,40.786,-73.9728,239.0,Good Enough To Eat,"520 Columbus Ave New York, NY 10024 United States",BREAKFAST_RESTAURANT,4.1,2.0,BREAKFAST_RESTAURANT,Upper West Side
ven_55754a78505f3458706d75526b6f775a464b6444512d674a496843,29649961,40.7853,-73.9728,239.0,Tasca NYC,"505 Columbus Ave New York, NY 10024 United States",RESTAURANT,4.6,2.0,RESTAURANT,Upper West Side
ven_5577355866726e4c5f2d7a526b6f775a6c4b64414863364a496843,29929585,40.7494,-73.9861,164.0,Superdry,"21-25 W 34th St. New York, NY 10001 United States",APPAREL,4.3,3.0,Fashion Convenience,Midtown Manhattan
ven_5578692d5370733636656a526b6f77595a3441356359704a496843,29244447,40.7842,-73.9778,239.0,Luke's Lobster Upper West Side,"426 Amsterdam Ave New York, NY 10024 United States",SEAFOOD_RESTAURANT,4.4,2.0,SEAFOOD_RESTAURANT,Upper West Side
ven_557a78624d425838544f65526b6f7759316569484d30554a496843,63401911,40.77,-73.971,43.0,Balto Statue,"East Dr New York, NY 10022 United States",TOURIST_DESTINATION,4.7,-1.0,TOURIST_DESTINATION,Upper West Side
ven_592d5a6c757552454a5663526b6f77594e6f442d4d53364a496843,99495574,40.7843,-73.9772,239.0,Spice (Upper West Side),"435 AMSTERDAM AVENUE AT W 81st St New York, 10024 United States",THAI_RESTAURANT,4.2,2.0,THAI_RESTAURANT,Upper West Side
ven_593769776f766b664d5845526b6f775a6c4c387937664b4a496843,5617928,40.7327,-74.004,249.0,MiGarba NYC,"310 Bleecker St New York, NY 10014 United States",ITALIAN_RESTAURANT,4.9,-1.0,ITALIAN_RESTAURANT,Chelsea/Greenwhich market
ven_593850536c663139675869526b6f77595270364a4d334e4a496843,83349976,40.7396,-74.0089,158.0,Whitney Museum of American Art,"99 Gansevoort St New York, NY 10014 United States",MUSEUM,4.5,-1.0,Cultural Heritage,Chelsea/Greenwhich market
ven_59394d6e4647334b39736f526b6f7759743444707577544a496843,61976009,40.7764,-73.9793,142.0,Pomodoro Rosso,"229 Columbus Ave New York, NY 10023 United States",ITALIAN_RESTAURANT,4.4,2.0,ITALIAN_RESTAURANT,Upper West Side
ven_5945636445507078654d7a526b6f77594a71514e6c35304a496843,40039956,40.7843,-73.9578,236.0,Carnegie Mansion,"2 E 91st St New York, NY 10128 United States",MUSEUM,4.1,-1.0,Cultural Heritage,Upper East Side
ven_5949374d505f6a4c4a6563526b6f775a4a3368674b5a4a4a496843,64281408,40.7315,-73.9892,79.0,Cathédrale Restaurant,"112 E 11th St New York, NY 10003 United States",FRENCH_RESTAURANT,4.3,2.0,FRENCH_RESTAURANT,Other
ven_594c336c54424932686837526b6f77593559306b3066524a496843,23844278,40.7812,-73.9763,239.0,Sushi of Gari UWS (Gari Columbus),"370 Columbus Ave New York, NY 10024 United States",SUSHI_RESTAURANT,4.5,4.0,SUSHI_RESTAURANT,Upper West Side
ven_594c414b424e7861515470526b6f77327652734f6a54714a496843,28080527,40.7971,-73.9515,43.0,Charles A. Dana Discovery Center,"Central Park N New York, NY 10029 United States",VISITOR_CENTER,4.6,-1.0,Tourist Destination,Upper West Side
ven_594d2d536b726e74415734526b6f7759686f75465836484a496843,35564963,40.786,-73.9727,239.0,Nina’s Great Burrito Bar,"522 Columbus Ave New York, NY 10024 United States",MEXICAN_RESTAURANT,4.3,1.0,MEXICAN_RESTAURANT,Upper West Side
ven_594d347279374661335a62526b6f775a465938664338314a496843,76470361,40.7202,-73.984,232.0,Only NY,"176 Stanton St New York, NY 10002 United States",APPAREL,4.3,-1.0,Fashion Convenience,Lower Manhattan
ven_59525f746b6a5a6f755359526b6f77594634376336374d4a496843,24707214,40.7931,-73.978,238.0,Hippo Playground,"W. 91st St & Riverside Dr New York, NY 10025 United States",PARK,4.7,-1.0,Park,Upper West Side
ven_595736565a6d62787a7330526b6f77326e4272346b774c4a496843,95519230,40.7986,-73.9563,43.0,The Blockhouse,"W 109th St New York, NY 10026 United States",HISTORICAL,4.4,-1.0,Cultural Heritage,Upper West Side
ven_595a6f4263556f73586448526b6f7759705f6762495f334a496843,19008253,40.7633,-73.9735,163.0,Edwynn Houk Gallery,"745 5th Ave 4th floor New York, NY 10151 United States",ARTS,4.8,-1.0,Art,Midtown Manhattan
ven_595f5f784d463266636a6f526b6f7759424a4272355a4a4a496843,19346517,40.7832,-73.97,43.0,Summit Rock,"Central Park West New York, NY 10024 United States",SCENIC_POINT,4.7,-1.0,Scenic Landmarks,Upper West Side
ven_5962576e4e726135545f56526b6f775939595a4d3558324a496843,69137365,40.783,-73.9751,239.0,Patagonia,"426 Columbus Ave New York, NY 10024 United States",APPAREL,4.6,3.0,Fashion Convenience,Upper West Side
ven_596454514639324f565773526b6f77325f525975565a6c4a496843,16397959,40.7947,-73.9592,43.0,Glen Span Arch,"W 102nd St New York, NY 10025 United States",BRIDGE,4.8,-1.0,Scenic Landmarks,Upper West Side
ven_5966445f6e70786d686750526b6f775a394c574174536b4a496843,27660618,40.7428,-74.0063,68.0,Manhattan Fruit Market,"448 W 16th St New York, NY 10011 United States",MARKET,4.3,-1.0,Neighborhood Market,Chelsea/Greenwhich market
ven_5972624350616238694f57526b6f77595a5a31725930354a496843,18484315,40.7796,-73.9654,43.0,The Obelisk,"E 81st St New York, NY 10024 United States",TOURIST_DESTINATION,4.7,-1.0,TOURIST_DESTINATION,Upper West Side
ven_59755648394e677857394b526b6f775a466431616830704a496843,8477155,40.7291,-73.9847,79.0,HAGS,"163 1st Ave. New York, NY 10003 United States",RESTAURANT,4.7,-1.0,RESTAURANT,Other
ven_5977343532576353545439526b6f77594e49533662556b4a496843,52902623,40.7893,-73.9718,238.0,West Side Community Garden,"123 W 89th St New York, NY 10024 United States",PARK,4.8,-1.0,Park,Upper West Side
ven_5979723758766e56754467526b6f77326a6967775632684a496843,995202,40.7959,-73.9713,238.0,Westside Market NYC,"2589 Broadway New York, NY 10025 United States",GROCERY,4.3,2.0,Neighborhood Market,Upper West Side
ven_597a616b6a716649565079526b6f77595a4a63445161384a496843,95865713,40.7773,-73.9616,236.0,E.A.T.,"1064 Madison Ave New York, NY 10028 United States",AMERICAN_RESTAURANT,3.2,3.0,AMERICAN_RESTAURANT,Upper East Side
ven_632d6d6e6755514d44334b526b6f775a4e7646636234574a496843,4821294,40.7841,-73.9737,239.0,Tri Dim Shanghai West Restaurant and Bar 鼎豐 [UWS],"467 Columbus Ave New York, NY 10024 United States",CHINESE_RESTAURANT,4.4,2.0,CHINESE_RESTAURANT,Upper West Side
ven_63326b76356569306b6c5a526b6f77597870715033666b4a496843,17384094,40.7878,-73.9715,238.0,Bella Luna Restaurant,"574 Columbus Ave New York, NY 10024 United States",ITALIAN_RESTAURANT,4.4,2.0,ITALIAN_RESTAURANT,Upper West Side
ven_63436e304a565f4d627257526b6f7759745667317257724a496843,93459004,40.7708,-73.9916,50.0,Hudson Market,"601 W 57th St New York, NY 10019 United States",GROCERY,3.9,-1.0,Neighborhood Market,Midtown Manhattan
ven_63456b77786e474b757563526b6f775a39326e6c5031304a496843,27147400,40.7437,-73.9952,90.0,Westside Market NYC,"170 W 23rd St New York, NY 10011 United States",GROCERY,4.3,-1.0,Neighborhood Market,Chelsea/Greenwhich market
ven_6347305f59664842696755526b6f77326e53475669362d4a496843,62411977,40.7969,-73.975,238.0,Dinosaur Playground,"6681 Riverside Dr New York, NY 10025 United States",PARK,4.3,-1.0,Park,Upper West Side
ven_634f4363417644424e616a526b6f775a685179765633524a496843,79370194,40.7778,-73.9782,142.0,HARVEST KITCHEN,"269 Columbus Ave New York, NY 10023 United States",AMERICAN_RESTAURANT,4.3,2.0,AMERICAN_RESTAURANT,Upper West Side
ven_635a694159315a6c425f6d526b6f775a7877674f4d65774a496843,37281770,40.7617,-73.9675,162.0,Hutong New York,"731 Lexington Avenue Inside Beacon Courtyard New York, NY 10022 United States",CHINESE_RESTAURANT,4.0,4.0,CHINESE_RESTAURANT,Midtown Manhattan
ven_635f6239684d5362477779526b6f7759524f4d4c4959764a496843,25338191,40.7593,-73.9664,229.0,Whole Foods Market,"226 E 57th St New York, NY 10022 United States",GROCERY,4.2,3.0,Neighborhood Market,Midtown Manhattan
ven_6361414362415f504d3055526b6f775a78397537765f754a496843,14983708,40.7233,-73.9961,144.0,Mulberry Market NYC,"251 Mulberry St New York, NY 10012 United States",SUPERMARKET,4.3,-1.0,Neighborhood Market,Lower Manhattan
ven_63665372715245346e7638526b6f775a786e72757a35634a496843,75767191,40.7576,-73.9852,230.0,RiseNY,"160 W 45th St New York, NY 10036 United States",MUSEUM,4.5,-1.0,Cultural Heritage,Midtown Manhattan
ven_636672745f5152476b4548526b6f7759567052754e786d4a496843,32775925,40.7724,-73.9605,237.0,Orsay,"1057 Lexington Ave New York, NY 10021 United States",FRENCH_RESTAURANT,4.3,3.0,FRENCH_RESTAURANT,Upper East Side
ven_6367354456587959525968526b6f77326a4172446665454a496843,94765944,40.799,-73.9418,74.0,City Fresh Market,"125 E 116th St New York, NY 10029 United States",SUPERMARKET,4.2,-1.0,Neighborhood Market,Upper Manhattan
ven_636849347a37534f62464c526b6f77596434644a7230494a496843,79001238,40.7871,-73.9822,239.0,River Run Playground,"Riverside Dr New York, NY 10024 United States",PARK,4.7,-1.0,Park,Upper West Side
ven_636a794c346b73704c3170526b6f7759784f53665161574a496843,75535526,40.769,-73.9677,237.0,Carolina Herrera,"802 Madison Ave New York, NY 10065 United States",APPAREL,4.2,4.0,Fashion Convenience,Upper East Side
ven_636d5f33545a4f4f65736b526b6f7759743466574258654a496843,51925992,40.7766,-73.9773,142.0,The Ribbon,"20 W 72nd St New York, NY 10023 United States",AMERICAN_RESTAURANT,4.2,3.0,AMERICAN_RESTAURANT,Upper West Side
ven_6373616b72775a37647977526b6f7759686f6c373258644a496843,72144233,40.7832,-73.9789,239.0,Coppola's West,"206 W 79th St New York, NY 10024 United States",ITALIAN_RESTAURANT,4.3,2.0,ITALIAN_RESTAURANT,Upper West Side
ven_63754b4d63705f396c6968526b6f7759523172664f56384a496843,40821751,40.7564,-73.9888,100.0,Madame Tussauds New York,"234 W 42nd St New York, NY 10036 United States",MUSEUM,4.4,3.0,Cultural Heritage,Chelsea/Greenwhich market
ven_6377336633385078573278526b6f775a643971693963364a496843,99578246,40.7846,-73.974,239.0,Graze Smokehouse,"100 W 83rd St New York, NY 10024 United States",RESTAURANT,4.4,-1.0,RESTAURANT,Upper West Side
ven_673150687856684b77546b526b6f775a644d68505162354a496843,90553010,40.748,-74.0048,246.0,The High Line,"New York, NY 10011 United States",PARK,4.7,-1.0,Park,Chelsea/Greenwhich market
ven_67324c54725333306d766f526b6f775a527a53733035734a496843,99123161,40.7788,-73.9784,142.0,Leyla,"108 W 74th St New York, NY 10023 United States",RESTAURANT,4.5,2.0,RESTAURANT,Upper West Side
ven_673368364673754d693466526b6f775970756970582d444a496843,87384008,40.7664,-73.9603,141.0,Grace's Marketplace,"1299 2nd Ave New York, NY 10065 United States",GROCERY,4.2,3.0,Neighborhood Market,Upper East Side
ven_673437695f797470675874526b6f7759396534667a58464a496843,9727129,40.7794,-73.9691,43.0,Belvedere Castle,"New York, NY 10024 United States",HISTORICAL,4.5,-1.0,Cultural Heritage,Upper West Side
ven_67344e7669664177774743526b6f77594e767263427a654a496843,8301788,40.7718,-73.9748,43.0,Sheep Meadow,"1802 65th Street Transverse 1802 E 65th St New York, NY 10065 United States",PARK,4.8,-1.0,Park,Upper West Side
ven_6736686e436e567a4f3668526b6f7759564947335f63534a496843,10806948,40.7852,-73.9728,239.0,Prohibition,"503 Columbus Ave New York, NY 10024 United States",RESTAURANT,4.4,2.0,RESTAURANT,Upper West Side
ven_67375a3630494f3539724b526b6f775952715a367036714a496843,63361510,40.7834,-73.9525,236.0,Westside Market NYC,"1407 Lexington Ave New York, NY 10128 United States",GROCERY,4.0,-1.0,Neighborhood Market,Upper East Side
ven_6738354a2d754f6a655546526b6f7759314c7231542d5a4a496843,15210835,40.7781,-73.9568,236.0,Thai At Lex,"1244 Lexington Ave New York, NY 10028 United States",THAI_RESTAURANT,4.2,2.0,THAI_RESTAURANT,Upper East Side
ven_6743617a59472d4a564449526b6f77595a76734c6156794a496843,2093009,40.7685,-73.9772,43.0,Heckscher Playground,"E 65th St New York, NY 10019 United States",PARK,4.7,-1.0,Park,Upper West Side
ven_67495930554434326f3657526b6f7759785045763457554a496843,54618625,40.7586,-73.9762,161.0,St. Patrick's Cathedral,"5th Ave New York, NY 10022 United States",CHURCH,4.8,-1.0,Religious,Midtown Manhattan
ven_674a5830354e5572664339526b6f77326e42436652575f4a496843,4332395,40.7978,-73.9561,43.0,North Woods,"296 Central Park N New York, NY 10026 United States",PARK,4.7,-1.0,Park,Upper West Side
ven_674c306f645755326f547a526b6f775a68353967465a6c4a496843,68450196,40.7348,-73.9912,113.0,Whole Foods Market,4 Union Square South NY 10003 United States,GROCERY,4.2,3.0,Neighborhood Market,Chelsea/Greenwhich market
ven_674e54306359797973556f526b6f775a46386e574662384a496843,74672089,40.7858,-73.9724,239.0,The Consulate UWS,"519 Columbus Ave New York, NY 10024 United States",FRENCH_RESTAURANT,4.5,2.0,FRENCH_RESTAURANT,Upper West Side
ven_674f4954736c757352515a526b6f775a7433633753314e4a496843,19687702,40.7896,-73.974,238.0,Pekarna NYC,"594 Amsterdam Ave New York, NY 10024 United States",RESTAURANT,4.3,-1.0,RESTAURANT,Upper West Side
ven_6762417456643052357247526b6f775a566171717736694a496843,60876934,40.7445,-73.9914,234.0,Fairway Market of Chelsea,"766 6th Ave New York, NY 10010 United States",GROCERY,4.2,-1.0,Neighborhood Market,Chelsea/Greenwhich market
ven_676367506d3938385f7968526b6f775974376f727657464a496843,55558442,40.7774,-73.9517,263.0,Heidelberg Restaurant,"1648 2nd Ave New York, NY 10028 United States",RESTAURANT,4.4,2.0,RESTAURANT,Upper East Side
ven_6764666e625a435a654552526b6f77316a645f693539314a496843,656752,40.8141,-73.9331,-1.0,Madison Avenue Bridge,"Harlem River Dr New York, NY 10037 United States",BRIDGE,4.1,-1.0,Scenic Landmarks,Other
ven_67664d4c43655043527777526b6f7759785f7774527a304a496843,41261980,40.7575,-73.9734,162.0,St. Bartholomew's Church,"325 Park Ave New York, NY 10022 United States",CHURCH,4.6,-1.0,Religious,Midtown Manhattan
ven_67665544532d79346b3566526b6f77594649706b4777544a496843,59618509,40.792,-73.979,238.0,Soldiers' and Sailors' Monument,"Riverside Dr W 89th St New York, NY 10024 United States",HISTORICAL,4.5,-1.0,Cultural Heritage,Upper West Side
ven_6766616e713152586e5374526b6f77595634454d5a37714a496843,68002755,40.7847,-73.9733,239.0,Bellini,"483 Columbus Ave New York, NY 10024 United States",ITALIAN_RESTAURANT,4.5,2.0,ITALIAN_RESTAURANT,Upper West Side
ven_67696d56476149435f6965526b6f775a6c5a52445036524a496843,23357761,40.768,-73.9698,237.0,Temple Emanu-El,"1 E 65th St New York, NY 10065 United States",SYNAGOGUE,4.7,-1.0,Religious,Upper East Side
ven_676a53423161456a363564526b6f773244555733565a364a496843,98078144,40.8128,-73.9622,166.0,Sakura Park,"3916 500 Riverside Dr New York, NY 10027 United States",PARK,4.5,-1.0,Park,Upper West Side
ven_676d735f5a644d594d4e43526b6f77616c433078735a664a496843,51078908,40.72,-73.9892,148.0,Wildair,"142 Orchard St New York, NY 10002 United States",AMERICAN_RESTAURANT,4.4,3.0,AMERICAN_RESTAURANT,Lower Manhattan
ven_6772646250704a68513065526b6f77595a4f62595734794a496843,81169171,40.7609,-73.9644,141.0,Tramway Plaza,"254 E 60th St New York, NY 10022 United States",PARK,4.6,-1.0,Park,Upper East Side
ven_67726a544b332d45634264526b6f77595a5f4c735033704a496843,67371930,40.7686,-73.9832,142.0,The Shops at Columbus Circle,"10 Columbus Cir New York, NY 10019 United States",SHOPPING_CENTER,4.4,-1.0,SHOPPING_CENTER,Upper West Side
ven_6776747147655a49456362526b6f775970346b506435334a496843,76853343,40.7849,-73.9731,239.0,Noi Due Cafe,"491 Columbus Ave New York, NY 10024 United States",RESTAURANT,4.5,3.0,RESTAURANT,Upper West Side
ven_6777326f753853575a3875526b6f7759524643417333374a496843,37767740,40.7604,-73.9889,48.0,Barbetta,"321 W 46th St New York, NY 10036 United States",ITALIAN_RESTAURANT,4.2,3.0,ITALIAN_RESTAURANT,Midtown Manhattan
ven_67786f6559776463355574526b6f77326a414755372d7a4a496843,35016948,40.7948,-73.9321,74.0,East River Plaza,"517 E 117th St New York, NY 10035 United States",SHOPPING_CENTER,4.3,-1.0,SHOPPING_CENTER,Upper Manhattan
ven_677a584d792d3872515771526b6f7759744977693362484a496843,28402389,40.7781,-73.9788,142.0,Arte Cafe,"106 W 73rd St New York, NY 10023 United States",ITALIAN_RESTAURANT,4.3,2.0,ITALIAN_RESTAURANT,Upper West Side
ven_677a6b384456717362517a526b6f775a314764555866484a496843,2068527,40.7582,-73.9702,162.0,Mischa,"157 E 53rd St New York, NY 10022 United States",AMERICAN_RESTAURANT,4.6,-1.0,AMERICAN_RESTAURANT,Midtown Manhattan
ven_6b33335362354f62415f76526b6f7759565963366e37634a496843,61641555,40.7843,-73.9735,239.0,Lokal Mediterranean Kitchen,"473 Columbus Ave New York, NY 10024 United States",MEDITERANEAN_RESTAURANT,4.5,2.0,MEDITERANEAN_RESTAURANT,Upper West Side
ven_6b3648306f6a476f504768526b6f775a68366f5a6261754a496843,78017116,40.7472,-74.0005,68.0,Shukette,"230 9th Ave New York, NY 10001 United States",RESTAURANT,4.7,-1.0,RESTAURANT,Chelsea/Greenwhich market
ven_6b3733664d336870475547526b6f7759705a4146477a344a496843,12162796,40.7826,-73.9656,43.0,Central Park,"New York, NY United States",PARK,4.8,-1.0,Park,Upper West Side
ven_6b4252475f792d6c5a5057526b6f775968653379652d394a496843,17804860,40.7644,-73.9642,141.0,Tony's Di Napoli,"1081 3rd Ave New York, NY 10065 United States",ITALIAN_RESTAURANT,4.5,2.0,ITALIAN_RESTAURANT,Upper East Side
ven_6b4563334e683767613339526b6f7759705f584a50346e4a496843,56353198,40.7627,-73.9745,163.0,Prada New York 5th Avenue,"724 5th Ave New York, NY 10019 United States",APPAREL,3.8,4.0,Fashion Convenience,Midtown Manhattan
ven_6b476d4f456438784a6d66526b6f7759746f73505f364b4a496843,34227583,40.7776,-73.98,142.0,Thai 72,"128 W 72nd St New York, NY 10023 United States",THAI_RESTAURANT,4.4,2.0,THAI_RESTAURANT,Upper West Side
ven_6b484a33576a50506b316d526b6f775946564b4d7379704a496843,84966510,40.7633,-73.9894,48.0,Amish Market,"731 9th Ave New York, NY 10019 United States",GROCERY,4.5,2.0,Neighborhood Market,Midtown Manhattan
ven_6b49317057486770392d52526b6f775a78756b736d30454a496843,87412359,40.7832,-73.9808,239.0,New Cottage,"2199 Broadway New York, NY 10024 United States",CHINESE_RESTAURANT,4.4,2.0,CHINESE_RESTAURANT,Upper West Side
ven_6b51657951327931574d79526b6f7759784f524154524f4a496843,2659367,40.7695,-73.9669,237.0,VALENTINO,"821 Madison Ave New York, NY 10065 United States",APPAREL,3.9,4.0,Fashion Convenience,Upper East Side
ven_6b586d396c7a675a304866526b6f775a5a6176523233704a496843,9019570,40.7422,-73.988,234.0,Madison Square Park,"11 Madison Ave New York, NY 10010 United States",PARK,4.6,-1.0,Park,Chelsea/Greenwhich market
ven_6b5872516b756336487341526b6f77595a564c476b51354a496843,17462102,40.7625,-73.9836,230.0,I Love NY Gifts,"1653 Broadway New York, NY 10019 United States",GIFTS,3.6,-1.0,Gifts & Souvenirs,Midtown Manhattan
ven_6b61647667744a39587a64526b6f77594e46347458596f4a496843,35960844,40.7599,-73.9918,48.0,La Pulpería 44th HK,"623 9th Ave New York, NY 10036 United States",RESTAURANT,4.4,2.0,RESTAURANT,Midtown Manhattan
ven_6b61692d6a414255627979526b6f776678716c5837364d4a496843,82397112,40.7466,-74.0044,68.0,Clement Clarke Moore Park,"10th Avenue & W 22nd St New York, NY 10011 United States",PARK,4.3,-1.0,Park,Chelsea/Greenwhich market
ven_6b655736786b3944445147526b6f77326e5173764f38384a496843,56609651,40.8009,-73.9381,74.0,City Fresh Market,"2212 3rd Ave #3536 New York, NY 10035 United States",SUPERMARKET,4.1,-1.0,Neighborhood Market,Upper Manhattan
ven_6b68703776545f78704e31526b6f7732334274596834694a496843,15899557,40.7925,-73.9519,75.0,Museum of the City of New York,"1220 5th Ave New York, NY 10029 United States",MUSEUM,4.5,1.0,Cultural Heritage,Upper Manhattan
ven_6b69536e344b337645554e526b6f775a5a5a764a55525f4a496843,7502934,40.7339,-73.9999,249.0,Olio e Più,"3 Greenwich Ave New York, NY 10014 United States",ITALIAN_RESTAURANT,4.6,2.0,ITALIAN_RESTAURANT,Chelsea/Greenwhich market
ven_6b6d4f656b323831793364526b6f77594a6362353051624a496843,60678909,40.7652,-73.9587,141.0,St. Catherine's Park,"1245 1st Ave. New York, NY 10065 United States",PARK,4.4,-1.0,Park,Upper East Side
ven_6b735f37687a4c384b4c69526b6f77595a344156747a714a496843,29644604,40.7843,-73.9778,239.0,Crave Fishbar Upper West Side,"428 Amsterdam Ave New York, NY 10024 United States",SEAFOOD_RESTAURANT,4.5,2.0,SEAFOOD_RESTAURANT,Upper West Side
ven_6b735f44766d736f7a796b526b6f7759563448652d624f4a496843,84874539,40.7855,-73.9727,239.0,Osteria Cotta,"513 Columbus Ave New York, NY 10024 United States",ITALIAN_RESTAURANT,4.4,2.0,ITALIAN_RESTAURANT,Upper West Side
ven_6b75536349517175707875526b6f775a56516c42512d384a496843,53662314,40.7451,-73.9752,170.0,St. Vartan Armenian Apostolic Cathedral,"630 2nd Ave New York, NY 10016 United States",CHURCH,4.6,-1.0,Religious,Midtown Manhattan
ven_6b77366e314e6f6b72615a526b6f775a646841365758794a496843,36583761,40.7743,-73.9809,142.0,The Migrant Kitchen - Upper West Side,"157 Columbus Ave New York, NY 10023 United States",RESTAURANT,4.4,2.0,RESTAURANT,Upper West Side
ven_6b77466c386b7878434a49526b6f7759745f714274584f4a496843,558418,40.767,-73.9692,237.0,Bottega Veneta New York Flagship,"740 Madison Ave New York, NY 10065 United States",APPAREL,3.6,4.0,Fashion Convenience,Upper East Side
ven_6b7a72724d57625a307367526b6f7759565046364465454a496843,94753172,40.7732,-73.9815,142.0,American Folk Art Museum,"2 Lincoln Square New York, NY 10023 United States",MUSEUM,4.4,-1.0,Cultural Heritage,Upper West Side
ven_6f2d6e504338735f5f6656526b6f77596c5f656244784b4a496843,74328238,40.7614,-73.9776,161.0,The Museum of Modern Art,"11 W 53rd St New York, NY 10019 United States",MUSEUM,4.6,-1.0,Cultural Heritage,Midtown Manhattan
ven_6f324e635f42314c477658526b6f7759746676475955634a496843,74783549,40.7602,-73.9751,161.0,Paley Park,"3 E 53rd St New York, NY 10022 United States",PARK,4.5,-1.0,Park,Midtown Manhattan
ven_6f3278704356366a453667526b6f7759527167502d53524a496843,89222801,40.7825,-73.9536,236.0,Lex Restaurant,"1370 Lexington Ave New York, NY 10128 United States",RESTAURANT,4.6,2.0,RESTAURANT,Upper East Side
ven_6f3367575f457366717473526b6f7759565f577156546e4a496843,33981329,40.7743,-73.9822,142.0,ZARA,"Broadway #1963 New York, NY 10023 United States",APPAREL,3.8,2.0,Fashion Convenience,Upper West Side
ven_6f394669377a4466594d49526b6f775939664d4b7637654a496843,66344638,40.7593,-73.9794,161.0,Top of The Rock,"30 Rockefeller Plaza New York, NY 10112 United States",TOURIST_DESTINATION,4.7,-1.0,TOURIST_DESTINATION,Midtown Manhattan
ven_6f3970777349416b6b635a526b6f77594a4655377635704a496843,19070061,40.7594,-73.9925,48.0,Bea,"403 W 43rd St New York, NY 10036 United States",AMERICAN_RESTAURANT,4.4,2.0,AMERICAN_RESTAURANT,Midtown Manhattan
ven_6f443454497a4b74587053526b6f775a524d596d6865794a496843,2714653,40.7783,-73.9779,142.0,Omakase Shihou (Shiro) - Upper West Side,"285 Columbus Ave 2nd Floor New York, NY 10023 United States",JAPANESE_RESTAURANT,4.9,-1.0,JAPANESE_RESTAURANT,Upper West Side
ven_6f453438614f534f377574526b6f775a466974504953354a496843,32310803,40.7354,-74.0051,249.0,Boyar Gifts,"388 Bleecker St New York, NY 10014 United States",GIFTS,4.8,-1.0,Gifts & Souvenirs,Chelsea/Greenwhich market
ven_6f4a3437455573596f624c526b6f77324c414e756756504a496843,78639717,40.7911,-73.9431,75.0,City Fresh Market,"235 E 106th St #4005 New York, NY 10029 United States",GROCERY,4.1,-1.0,Neighborhood Market,Upper Manhattan
ven_6f4b42787a706434525f76526b6f7759424a48384a39414a496843,44769657,40.7823,-73.971,43.0,Diana Ross Playground,"Central Park West & W 81st St New York, NY 10024 United States",PARK,4.3,-1.0,Park,Upper West Side
ven_6f4d4d585279554f413278526b6f77596c6669713739334a496843,82293736,40.7625,-73.9773,161.0,Benoit New York,"60 W 55th St New York, NY 10019 United States",FRENCH_RESTAURANT,4.4,3.0,FRENCH_RESTAURANT,Midtown Manhattan
ven_6f4e385436506f42426253526b6f775a314c72724e38484a496843,99288558,40.7783,-73.9804,142.0,La Dinastia,"145 W 72nd St New York, NY 10023 United States",CHINESE_RESTAURANT,4.4,2.0,CHINESE_RESTAURANT,Upper West Side
ven_6f53534232357872613631526b6f7731336666523634794a496843,48089805,40.7957,-73.9359,74.0,La Avenida NYC,"2247 1st Ave. New York, NY 10029 United States",MEXICAN_RESTAURANT,4.4,2.0,MEXICAN_RESTAURANT,Upper Manhattan
ven_6f594839656b4567743841526b6f775a52616c495f54304a496843,61923422,40.7427,-73.9933,90.0,Burlington,"707 6th Ave New York, NY 10010 United States",APPAREL,4.0,1.0,Fashion Convenience,Chelsea/Greenwhich market
ven_6f595061526b426975674e526b6f775a3570694e627a4e4a496843,9169421,40.7783,-73.9801,142.0,Pho Shop,"141 W 72nd St New York, NY 10023 United States",RESTAURANT,4.0,2.0,RESTAURANT,Upper West Side
ven_6f5a534d314a7a7769335a526b6f775a744b7249665a2d4a496843,55954671,40.7527,-73.986,100.0,NYC Gifts,"1027 6th Ave New York, NY 10018 United States",GIFTS,4.3,-1.0,Gifts & Souvenirs,Chelsea/Greenwhich market
ven_6f61432d6942754d737746526b6f775970344a346851524a496843,20962841,40.7794,-73.9809,142.0,Salumeria Rosi,"283 Amsterdam Ave New York, NY 10023 United States",ITALIAN_RESTAURANT,4.5,2.0,ITALIAN_RESTAURANT,Upper West Side
ven_6f6b34526d365f78674f41526b6f775a353432694a30304a496843,48610132,40.7235,-73.9982,144.0,UNIQLO Soho Store,"546 Broadway New York, NY 10012 United States",APPAREL,4.4,1.0,Fashion Convenience,Lower Manhattan
ven_6f705548536a3470353159526b6f7759527168733451624a496843,88370665,40.7829,-73.9525,236.0,"The 92nd Street Y, New York","1395 Lexington Ave New York, NY 10128 United States",OTHER,4.1,-1.0,Tourist Destination,Upper East Side
ven_6f735964364b4948356734526b6f77595a6f6d565f55384a496843,59728141,40.7871,-73.978,239.0,5 Napkin Burger,"2315 Broadway New York, NY 10024 United States",BURGER_RESTAURANT,4.3,2.0,BURGER_RESTAURANT,Upper West Side
ven_6f75512d4e737164414e37526b6f7759564a30584158554a496843,38847585,40.7763,-73.9614,236.0,The New York Society Library,"53 E 79th St New York, NY 10075 United States",LIBRARY,4.7,-1.0,Library,Upper East Side
ven_6f786a366c6d6c51546b72526b6f7759706f54397933474a496843,75556247,40.7778,-73.9805,142.0,Zurutto,"142 W 72nd St New York, NY 10023 United States",RAMEN_RESTAURANT,4.4,2.0,RAMEN_RESTAURANT,Upper West Side
ven_7330663377497968657a68526b6f77594e3139724b51304a496843,70625988,40.7601,-73.9891,48.0,Joe Allen,"326 W 46th St New York, NY 10036 United States",AMERICAN_RESTAURANT,4.4,2.0,AMERICAN_RESTAURANT,Midtown Manhattan
ven_73306a6956627357544e53526b6f7759784c7750352d514a496843,58842384,40.7778,-73.9544,263.0,Fox's of Manhattan,"1501 3rd Avenue E 85th St New York, 10028 United States",APPAREL,4.5,-1.0,Fashion Convenience,Upper East Side
ven_73346149424d7857715942526b6f775a6876736d64304b4a496843,10807076,40.7582,-73.9926,48.0,istanbul Bay Express,"578 9th Ave New York, NY 10036 United States",RESTAURANT,4.3,-1.0,RESTAURANT,Midtown Manhattan
ven_73373243427a7677647179526b6f77595a56676549666a4a496843,61598690,40.7609,-73.9863,230.0,La Masseria NY,"235 W 48th St New York, NY 10036 United States",ITALIAN_RESTAURANT,4.4,3.0,ITALIAN_RESTAURANT,Midtown Manhattan
ven_73384a356c42716a656576526b6f77616c684247547a624a496843,44821488,40.7121,-74.0107,261.0,World Of Gifts Inc. Gifts & Luggage,"Vesey St New York, NY 10007 United States",GIFTS,4.5,-1.0,Gifts & Souvenirs,Lower Manhattan
ven_733950504e644550574537526b6f77327a42506e3037684a496843,73531680,40.7937,-73.9525,43.0,Conservatory Garden,"1233 5th Ave New York, NY 10029 United States",PARK,4.8,-1.0,Park,Upper West Side
ven_734141687055567841634e526b6f77327a4255673054574a496843,65109915,40.7931,-73.9514,75.0,El Museo del Barrio,"1230 5th Ave New York, NY 10029 United States",MUSEUM,4.4,-1.0,Cultural Heritage,Upper Manhattan
ven_734147386d4d7064594f53526b6f775a7030663358626c4a496843,47435433,40.7253,-74.0054,125.0,Vestry,"246 Spring St New York, NY 10013 United States",SEAFOOD_RESTAURANT,4.1,-1.0,SEAFOOD_RESTAURANT,Other
ven_7349707841675455786e57526b6f7759703461757451474a496843,49227800,40.7791,-73.9822,143.0,Bloomingdale's Outlet,"2085 Broadway New York, NY 10023 United States",SHOPPING_CENTER,3.8,-1.0,SHOPPING_CENTER,Upper West Side
ven_7352766d375a61587a6372526b6f775a464e6f644f774e4a496843,28207368,40.7785,-73.9807,142.0,North Miznon,"161 W 72nd St New York, NY 10023 United States",MEDITERANEAN_RESTAURANT,4.1,-1.0,MEDITERANEAN_RESTAURANT,Upper West Side
ven_73533764685f6d75566b6d526b6f77594a714f484c57594a496843,2760359,40.7853,-73.9574,236.0,The Jewish Museum,"1109 5th Ave & E 92nd St New York, 10128 United States",MUSEUM,4.4,2.0,Cultural Heritage,Upper East Side
ven_735365637a644a62515946526b6f775a467167495153764a496843,71179698,40.7385,-73.9885,234.0,Gramercy Tavern,"42 E 20th St New York, NY 10003 United States",AMERICAN_RESTAURANT,4.6,4.0,AMERICAN_RESTAURANT,Chelsea/Greenwhich market
ven_73556451754c68694a3032526b6f77594e6f68373256424a496843,34275600,40.7887,-73.9745,238.0,Amelie UWS,"566 Amsterdam Ave New York, NY 10024 United States",RESTAURANT,4.6,2.0,RESTAURANT,Upper West Side
ven_7366516c31652d4f4e436b526b6f7759314965613652694a496843,85131267,40.7758,-73.9718,43.0,Bow Bridge,"Central Park Bow Bridge New York, NY 10024 United States",BRIDGE,4.8,-1.0,Scenic Landmarks,Upper West Side
ven_736667483138515937774c526b6f775a705a305967565f4a496843,38136954,40.7272,-73.9923,114.0,Misirizzi,"36 E 4th St New York, NY 10003 United States",ITALIAN_RESTAURANT,4.4,2.0,ITALIAN_RESTAURANT,Lower Manhattan
ven_736b33656f702d3178326d526b6f77594a46747a385f5f4a496843,72576807,40.7568,-73.9935,48.0,Buenavista,"536 9th Ave New York, NY 10018 United States",RESTAURANT,4.7,2.0,RESTAURANT,Midtown Manhattan
ven_736d444f476c7279767844526b6f77326e53354b5639704a496843,21975768,40.7947,-73.9764,238.0,Joan of Arc Park,"Riverside Dr., between W. 91st St. and W 96th St New York, NY 10025 United States",PARK,4.6,-1.0,Park,Upper West Side
ven_73723145754d4f78544171526b6f775a4e776c344636384a496843,3178492,40.7517,-73.9784,170.0,Library Walk,"Park Ave & E 41st St New York, NY 10017 United States",TOURIST_DESTINATION,4.7,-1.0,TOURIST_DESTINATION,Midtown Manhattan
ven_7376556d395f614c53746f526b6f775a4e566d7377655f4a496843,23424895,40.7851,-73.9773,239.0,Vanessa's Dumpling House,"452 Amsterdam Ave New York, NY 10024 United States",RESTAURANT,4.0,-1.0,RESTAURANT,Upper West Side
ven_7377626750506d522d726e526b6f775a6c4b36446962574a496843,38006413,40.7492,-73.9836,170.0,Souvenirs LLC,"377 5th Ave New York, NY 10016 United States",GIFTS,4.2,-1.0,Gifts & Souvenirs,Midtown Manhattan
ven_7379566367365444366462526b6f775a70384d744f38354a496843,76423426,40.7626,-73.9808,230.0,La Grande Boucherie,"145 W 53rd St New York, NY 10019 United States",FRENCH_RESTAURANT,4.5,2.0,FRENCH_RESTAURANT,Midtown Manhattan
ven_737a4c6b5376744748712d526b6f77595a7039674a38624a496843,52149415,40.7794,-73.9632,43.0,The Metropolitan Museum of Art,"1000 5th Ave New York, NY 10028 United States",MUSEUM,4.8,3.0,Cultural Heritage,Upper West Side
ven_7732374951527a41425143526b6f7759706c584c4859394a496843,83699147,40.7677,-73.9916,50.0,The Market @ Mercedes House,"550 W 54th St New York, NY 10019 United States",SUPERMARKET,4.3,-1.0,Neighborhood Market,Midtown Manhattan
ven_7733766951725664516f7a526b6f7759686f70335f79704a496843,83218603,40.7838,-73.9781,239.0,La Sirène,"416 Amsterdam Ave New York, NY 10024 United States",RESTAURANT,4.5,-1.0,RESTAURANT,Upper West Side
ven_77446a687a695a67306746526b6f77595a6c64487854584a496843,27787334,40.7606,-73.9848,230.0,I Love NY By Phantom Of Broadway,"1607 Broadway New York, NY 10019 United States",SOUVENIR_SHOP,3.3,-1.0,Gifts & Souvenirs,Midtown Manhattan
ven_77452d65676a4430616250526b6f7759782d704b5454704a496843,72358271,40.7717,-73.9658,237.0,Ralph Lauren Women's Flagship,"888 Madison Ave New York, NY 10021 United States",APPAREL,4.5,4.0,Fashion Convenience,Upper East Side
ven_774d586d354e5a6b6c4562526b6f7759425041344532384a496843,11285867,40.763,-73.9723,163.0,CANALI,"600 Madison Ave New York, NY 10022 United States",APPAREL,4.5,4.0,Fashion Convenience,Midtown Manhattan
ven_774d7a7a4d797276745762526b6f77597449454e6562614a496843,18698787,40.7761,-73.9794,142.0,Shalel,"65 W 70th St New York, NY 10023 United States",MEDITERANEAN_RESTAURANT,4.5,2.0,MEDITERANEAN_RESTAURANT,Upper West Side
ven_775373576f773733303343526b6f775a68634f4c34776c4a496843,87803380,40.7795,-73.977,239.0,ASSET,"329 Columbus Ave New York, NY 10023 United States",AMERICAN_RESTAURANT,4.3,-1.0,AMERICAN_RESTAURANT,Upper West Side
ven_776351756c436838704850526b6f773258776a4d3039654a496843,97558792,40.7986,-73.9438,74.0,La Marqueta,"1590 Park Ave New York, NY 10029 United States",MARKET,4.3,-1.0,Neighborhood Market,Upper Manhattan
ven_77667a36446e4432637273526b6f775a742d316366516c4a496843,81178327,40.7899,-73.9663,238.0,Billy’s Hot Dog Cart,"327 Central Park West #63 New York, NY 10025 United States",AMERICAN_RESTAURANT,4.9,-1.0,AMERICAN_RESTAURANT,Upper West Side
ven_7767787947374f4c683962526b6f775a315135717161334a496843,39118662,,,,Edge,"30 Hudson Yards New York, NY 10001 United States",TOURIST_DESTINATION,0.0,-1.0,TOURIST_DESTINATION,Other
ven_7768585a615270346e454b526b6f7766426c2d4f312d4b4a496843,40246733,40.7797,-73.9266,-1.0,Robert F. Kennedy Bridge,NY 10035 United States,BRIDGE,4.2,-1.0,Scenic Landmarks,Other
ven_77686b76675f51577a7053526b6f775a356b52654665324a496843,76894533,40.7694,-73.9551,141.0,The Migrant Kitchen,"1433 1st Ave. New York, NY 10021 United States",RESTAURANT,4.5,-1.0,RESTAURANT,Upper East Side
ven_776c426b3172735a6f5455526b6f77595a5f4c735033704a496843,96046596,40.7682,-73.9827,142.0,J.Crew Men's Shop,"10 Columbus Cir Space 207 New York, NY 10019 United States",APPAREL,4.2,2.0,Fashion Convenience,Upper West Side
ven_7774565736353150745f5f526b6f775a394948463778654a496843,12087255,40.7244,-73.9974,144.0,Forever 21,"568 Broadway New York, NY 10012 United States",APPAREL,3.8,1.0,Fashion Convenience,Lower Manhattan
ven_7778775545424e486d7075526b6f7759465048596d644f4a496843,31643001,40.7666,-73.975,43.0,Hallett Nature Sanctuary,"6th Avenue & Central Park S New York, NY 10019 United States",NATURE_RESERVE,4.7,-1.0,Nature Attractions,Upper West Side
